gender,forecast_date,playin_flag,rd1_win,rd2_win,rd3_win,rd4_win,rd5_win,rd6_win,rd7_win,results_to,team_alive,team_id,team_name,team_rating,team_region,team_seed,team_slot
mens,3/15/26,0,1,0.98966,0.75904,0.5519,0.40906,0.25824,0.15779,,1,DUK,Duke,2251.100098,East,1,
mens,3/15/26,0,1,0.01034,0.00024,0,0,0,0,,1,SIE,Siena,1493.300049,East,16,
mens,3/15/26,0,1,0.68235,0.18774,0.09309,0.04792,0.01918,0.00706,,1,OSU,Ohio St.,1933.099976,East,8,
mens,3/15/26,0,1,0.31765,0.05298,0.01765,0.00633,0.0017,0.00035,,1,TCU,TCU,1864.599976,East,9,
mens,3/15/26,0,1,0.81094,0.46842,0.18205,0.10462,0.0448,0.01723,,1,STJ,St. John's,2051.600098,East,5,
mens,3/15/26,0,1,0.18906,0.05401,0.00797,0.00235,0.00049,7.00E-05,,1,NIA,Northern Iowa,1755.199951,East,12,
mens,3/15/26,0,1,0.8805,0.45669,0.14608,0.07384,0.02744,0.01017,,1,KU,Kansas,1955,East,4,
mens,3/15/26,0,1,0.1195,0.02088,0.00126,0.00015,3.00E-05,1.00E-05,,1,CAB,California Baptist,1630.300049,East,13,
mens,3/15/26,0,1,0.6916,0.35895,0.18227,0.06597,0.02754,0.01085,,1,LOU,Louisville,1996.5,East,6,
mens,3/15/26,0,1,0.3084,0.10629,0.0336,0.0068,0.00139,0.00026,,1,USF,South Florida,1841.5,East,11,
mens,3/15/26,0,1,0.91162,0.52147,0.25391,0.08479,0.03186,0.0109,,1,MSU,Michigan St.,2035.900024,East,3,
mens,3/15/26,0,1,0.08838,0.01329,0.00169,0.00016,1.00E-05,0,,1,NDS,North Dakota St.,1608.699951,East,14,
mens,3/15/26,0,1,0.70638,0.29782,0.14029,0.04186,0.01323,0.00383,,1,CLA,UCLA,1939.699951,East,7,
mens,3/15/26,0,1,0.29362,0.07544,0.02158,0.00336,0.00063,7.00E-05,,1,UCF,UCF,1784.599976,East,10,
mens,3/15/26,0,1,0.89507,0.60342,0.36255,0.15241,0.06644,0.02774,,1,CON,UConn,2042.400024,East,2,
mens,3/15/26,0,1,0.10493,0.02332,0.00411,0.00038,2.00E-05,0,,1,FUR,Furman,1489,East,15,
mens,3/15/26,0,1,0.99132,0.85001,0.60447,0.3372,0.18961,0.0995,,1,FLA,Florida,2168.699951,South,1,
mens,3/15/26,0,1,0.00375,0.00023,0,0,0,0,,1,PVA,Prairie View A&M,1275,South,16,
mens,3/15/26,0,1,0.34795,0.03843,0.01213,0.00233,0.00072,0.00013,,1,CLE,Clemson,1870.199951,South,8,
mens,3/15/26,0,1,0.65205,0.11105,0.04412,0.0121,0.00374,0.00117,,1,IOW,Iowa,1912.699951,South,9,
mens,3/15/26,0,1,0.8396,0.5143,0.19805,0.07969,0.03477,0.01383,,1,VAN,Vanderbilt,2008.300049,South,5,
mens,3/15/26,0,1,0.1604,0.04774,0.00732,0.00129,0.00018,6.00E-05,,1,MCN,McNeese,1739.199951,South,12,
mens,3/15/26,0,1,0.91424,0.42921,0.13331,0.04529,0.01655,0.00532,,1,NEB,Nebraska,1985.900024,South,4,
mens,3/15/26,0,1,0.08576,0.00875,0.00059,3.00E-05,1.00E-05,0,,1,TRO,Troy,1541.900024,South,13,
mens,3/15/26,0,1,0.45606,0.07196,0.01328,0.00252,0.00058,5.00E-05,,1,UNC,North Carolina,1905.800049,South,6,
mens,3/15/26,0,1,0.54394,0.0965,0.02028,0.00414,0.00094,0.00019,,1,VCU,VCU,1831.699951,South,11,
mens,3/15/26,0,1,0.98125,0.8292,0.42456,0.22297,0.11837,0.05908,,1,ILL,Illinois,2081.899902,South,3,
mens,3/15/26,0,1,0.01875,0.00234,8.00E-05,1.00E-05,0,0,,1,PEN,Penn,1553.900024,South,14,
mens,3/15/26,0,1,0.58767,0.16035,0.05389,0.01665,0.00532,0.00142,,1,STM,Saint Mary's (CA),1939,South,7,
mens,3/15/26,0,1,0.41233,0.08493,0.02384,0.00626,0.00128,0.0002,,1,TAM,Texas A&M,1848.300049,South,10,
mens,3/15/26,0,1,0.9673,0.75058,0.46373,0.26948,0.13492,0.06327,,1,HOU,Houston,2144.199951,South,2,
mens,3/15/26,0,1,0.0327,0.00414,0.00034,4.00E-05,1.00E-05,0,,1,IDA,Idaho,1530,South,15,
mens,3/15/26,0,1,0.99004,0.89883,0.73994,0.54519,0.32746,0.18814,,1,ARI,Arizona,2219.5,West,1,
mens,3/15/26,0,1,0.00996,0.00094,5.00E-05,1.00E-05,0,0,,1,LIU,LIU,1423.5,West,16,
mens,3/15/26,0,1,0.33873,0.02352,0.00726,0.0016,0.00027,5.00E-05,,1,VIL,Villanova,1858.5,West,8,
mens,3/15/26,0,1,0.66127,0.07671,0.03216,0.01083,0.00259,0.00064,,1,USU,Utah St.,1873.400024,West,9,
mens,3/15/26,0,1,0.78589,0.43518,0.10711,0.04947,0.01892,0.00706,,1,WIS,Wisconsin,1960,West,5,
mens,3/15/26,0,1,0.21411,0.05948,0.0057,0.00115,0.00018,3.00E-05,,1,HP,High Point,1691.300049,West,12,
mens,3/15/26,0,1,0.93042,0.49727,0.10746,0.04606,0.01525,0.00477,,1,ARK,Arkansas,1997.699951,West,4,
mens,3/15/26,0,1,0.06958,0.00807,0.00032,5.00E-05,0,0,,1,HAW,Hawaii,1602.800049,West,13,
mens,3/15/26,0,1,0.46935,0.11986,0.03175,0.00521,0.00077,0.00014,,1,BYU,BYU,1938,West,6,
mens,3/15/26,0,1,0.43723,0.11499,0.03568,0.00649,0.00151,0.00034,,1,TEX,Texas,1841.699951,West,11,
mens,3/15/26,0,1,0.97007,0.72562,0.36792,0.13334,0.05422,0.02291,,1,GNZ,Gonzaga,2037.300049,West,3,
mens,3/15/26,0,1,0.02993,0.00303,0.00016,0,0,0,,1,KNS,Kennesaw St.,1530.400024,West,14,
mens,3/15/26,0,1,0.53694,0.13756,0.05573,0.01227,0.0036,0.00114,,1,MFL,U Miami (FL),1889.699951,West,7,
mens,3/15/26,0,1,0.46306,0.1114,0.03895,0.00754,0.00203,0.00039,,1,MIZ,Missouri,1796.199951,West,10,
mens,3/15/26,0,1,0.97808,0.74918,0.46165,0.17945,0.08688,0.04142,,1,PUR,Purdue,2091.199951,West,2,
mens,3/15/26,0,1,0.02192,0.00186,0.00015,1.00E-05,0,0,,1,QUE,Queens,1478.599976,West,15,
mens,3/15/26,0,1,0.9545,0.80345,0.61135,0.39079,0.22255,0.12432,,1,UM,Michigan,2234.899902,Midwest,1,
mens,3/15/26,0,1,0.01921,0.0029,0.00027,2.00E-05,0,0,,1,HOW,Howard,1462.199951,Midwest,16,
mens,3/15/26,0,1,0.57429,0.11502,0.04577,0.01354,0.0035,0.00076,,1,UGA,Georgia,1880,Midwest,8,
mens,3/15/26,0,1,0.42571,0.07174,0.02659,0.00686,0.00141,0.00035,,1,STL,Saint Louis,1835.900024,Midwest,9,
mens,3/15/26,0,1,0.63431,0.16894,0.03196,0.00792,0.0015,0.00032,,1,TTC,Texas Tech,1972.199951,Midwest,5,
mens,3/15/26,0,1,0.36569,0.06719,0.00876,0.00149,0.00023,4.00E-05,,1,AKR,Akron,1739.300049,Midwest,12,
mens,3/15/26,0,1,0.89964,0.72645,0.26986,0.12198,0.04811,0.01925,,1,ALA,Alabama,1972.5,Midwest,4,
mens,3/15/26,0,1,0.10036,0.03742,0.00425,0.00064,8.00E-05,1.00E-05,,1,HOF,Hofstra,1694.5,Midwest,13,
mens,3/15/26,0,1,0.80984,0.3981,0.15379,0.05844,0.02146,0.00801,,1,TEN,Tennessee,1981.199951,Midwest,6,
mens,3/15/26,0,1,0.128,0.02,0.002,0,0,0,,1,MOH,Miami University (OH),1655,Midwest,11,
mens,3/15/26,0,1,0.94306,0.54672,0.21477,0.08335,0.03149,0.01207,,1,UVA,Virginia,2015.300049,Midwest,3,
mens,3/15/26,0,1,0.05694,0.00611,0.00041,3.00E-05,0,0,,1,WRI,Wright St.,1534.900024,Midwest,14,
mens,3/15/26,0,1,0.65761,0.20038,0.09553,0.03303,0.01167,0.00418,,1,UK,Kentucky,1931.699951,Midwest,7,
mens,3/15/26,0,1,0.34239,0.06772,0.02352,0.00579,0.00126,0.00032,,1,SCL,Santa Clara,1866.5,Midwest,10,
mens,3/15/26,0,1,0.97405,0.72966,0.50117,0.27353,0.14218,0.07261,,1,ISU,Iowa St.,2145.800049,Midwest,2,
mens,3/15/26,0,1,0.02595,0.00224,0.00018,1.00E-05,0,0,,1,TST,Tennessee St.,1499.900024,Midwest,15,